<keymap version="1" name="Windows copy" parent="$default">
  <action id="Arrangement.Alias.Rule.Match.Condition.Move.Down" />
  <action id="Arrangement.Rule.Group.Condition.Move.Down" />
  <action id="Arrangement.Rule.Group.Condition.Move.Up" />
  <action id="Arrangement.Rule.Match.Condition.Move.Down" />
  <action id="Arrangement.Rule.Match.Condition.Move.Up" />
  <action id="ChangesView.ToggleCommitUi" />
  <action id="CheckinProject" />
  <action id="CompareTwoFiles" />
  <action id="Diff.ShowDiff" />
  <action id="EditorDeleteLine">
    <keyboard-shortcut first-keystroke="ctrl d" />
  </action>
  <action id="EditorDuplicate" />
  <action id="EditorJoinLines" />
  <action id="EditorSplitLine" />
  <action id="EditorStartNewLineBefore" />
  <action id="FileChooser.GotoDesktop" />
  <action id="Git.Commit.Stage" />
  <action id="MethodDown" />
  <action id="MethodUp" />
  <action id="MoveLineDown">
    <keyboard-shortcut first-keystroke="alt down" />
  </action>
  <action id="MoveLineUp">
    <keyboard-shortcut first-keystroke="alt up" />
  </action>
  <action id="ReformatCode">
    <keyboard-shortcut first-keystroke="ctrl k" second-keystroke="ctrl d" />
  </action>
  <action id="RunDashboard.CopyConfiguration" />
  <action id="SendEOF" />
  <action id="ShowContent" />
  <action id="ShowReformatFileDialog" />
  <action id="ShowSearchHistory" />
  <action id="UsageView.ShowRecentFindUsages" />
  <action id="XDebugger.CopyWatch" />
</keymap>